game_id,season,week,away_team,away_score,home_team,home_score
2025_01_ARI_NO,2025,1,ARI,20,NO,13
2025_01_BAL_BUF,2025,1,BAL,40,BUF,41
2025_01_CAR_JAX,2025,1,CAR,10,JAX,26
2025_01_CIN_CLE,2025,1,CIN,17,CLE,16
2025_01_DAL_PHI,2025,1,DAL,20,PHI,24
2025_01_DET_GB,2025,1,DET,13,GB,27
2025_01_HOU_LA,2025,1,HOU,9,LA,14
2025_01_KC_LAC,2025,1,KC,21,LAC,27
2025_01_LV_NE,2025,1,LV,20,NE,13
2025_01_MIA_IND,2025,1,MIA,8,IND,33
2025_01_MIN_CHI,2025,1,MIN,27,CHI,24
2025_01_NYG_WAS,2025,1,NYG,6,WAS,21
2025_01_PIT_NYJ,2025,1,PIT,34,NYJ,32
2025_01_SF_SEA,2025,1,SF,17,SEA,13
2025_01_TB_ATL,2025,1,TB,23,ATL,20
2025_01_TEN_DEN,2025,1,TEN,12,DEN,20
2025_02_ATL_MIN,2025,2,ATL,22,MIN,6
2025_02_BUF_NYJ,2025,2,BUF,30,NYJ,10
2025_02_CAR_ARI,2025,2,CAR,22,ARI,27
2025_02_CHI_DET,2025,2,CHI,21,DET,52
2025_02_CLE_BAL,2025,2,CLE,17,BAL,41
2025_02_DEN_IND,2025,2,DEN,28,IND,29
2025_02_JAX_CIN,2025,2,JAX,27,CIN,31
2025_02_LAC_LV,2025,2,LAC,20,LV,9
2025_02_LA_TEN,2025,2,LA,33,TEN,19
2025_02_NE_MIA,2025,2,NE,33,MIA,27
2025_02_NYG_DAL,2025,2,NYG,37,DAL,40
2025_02_PHI_KC,2025,2,PHI,20,KC,17
2025_02_SEA_PIT,2025,2,SEA,31,PIT,17
2025_02_SF_NO,2025,2,SF,26,NO,21
2025_02_TB_HOU,2025,2,TB,20,HOU,19
2025_02_WAS_GB,2025,2,WAS,18,GB,27
2025_03_ARI_SF,2025,3,ARI,15,SF,16
2025_03_ATL_CAR,2025,3,ATL,0,CAR,30
2025_03_CIN_MIN,2025,3,CIN,10,MIN,48
2025_03_DAL_CHI,2025,3,DAL,14,CHI,31
2025_03_DEN_LAC,2025,3,DEN,20,LAC,23
2025_03_DET_BAL,2025,3,DET,38,BAL,30
2025_03_GB_CLE,2025,3,GB,10,CLE,13
2025_03_HOU_JAX,2025,3,HOU,10,JAX,17
2025_03_IND_TEN,2025,3,IND,41,TEN,20
2025_03_KC_NYG,2025,3,KC,22,NYG,9
2025_03_LA_PHI,2025,3,LA,26,PHI,33
2025_03_LV_WAS,2025,3,LV,24,WAS,41
2025_03_MIA_BUF,2025,3,MIA,21,BUF,31
2025_03_NO_SEA,2025,3,NO,13,SEA,44
2025_03_NYJ_TB,2025,3,NYJ,27,TB,29
2025_03_PIT_NE,2025,3,PIT,21,NE,14
2025_04_BAL_KC,2025,4,BAL,20,KC,37
2025_04_CAR_NE,2025,4,CAR,13,NE,42
2025_04_CHI_LV,2025,4,CHI,25,LV,24
2025_04_CIN_DEN,2025,4,CIN,3,DEN,28
2025_04_CLE_DET,2025,4,CLE,10,DET,34
2025_04_GB_DAL,2025,4,GB,40,DAL,40
2025_04_IND_LA,2025,4,IND,20,LA,27
2025_04_JAX_SF,2025,4,JAX,26,SF,21
2025_04_LAC_NYG,2025,4,LAC,18,NYG,21
2025_04_MIN_PIT,2025,4,MIN,21,PIT,24
2025_04_NO_BUF,2025,4,NO,19,BUF,31
2025_04_NYJ_MIA,2025,4,NYJ,21,MIA,27
2025_04_PHI_TB,2025,4,PHI,31,TB,25
2025_04_SEA_ARI,2025,4,SEA,23,ARI,20
2025_04_TEN_HOU,2025,4,TEN,0,HOU,26
2025_04_WAS_ATL,2025,4,WAS,27,ATL,34
2025_05_DAL_NYJ,2025,5,DAL,37,NYJ,22
2025_05_DEN_PHI,2025,5,DEN,21,PHI,17
2025_05_DET_CIN,2025,5,DET,37,CIN,24
2025_05_HOU_BAL,2025,5,HOU,44,BAL,10
2025_05_KC_JAX,2025,5,KC,28,JAX,31
2025_05_LV_IND,2025,5,LV,6,IND,40
2025_05_MIA_CAR,2025,5,MIA,24,CAR,27
2025_05_MIN_CLE,2025,5,MIN,21,CLE,17
2025_05_NE_BUF,2025,5,NE,23,BUF,20
2025_05_NYG_NO,2025,5,NYG,14,NO,26
2025_05_SF_LA,2025,5,SF,26,LA,23
2025_05_TB_SEA,2025,5,TB,38,SEA,35
2025_05_TEN_ARI,2025,5,TEN,22,ARI,21
2025_05_WAS_LAC,2025,5,WAS,27,LAC,10
2025_06_ARI_IND,2025,6,ARI,27,IND,31
2025_06_BUF_ATL,2025,6,BUF,14,ATL,24
2025_06_CHI_WAS,2025,6,CHI,25,WAS,24
2025_06_CIN_GB,2025,6,CIN,18,GB,27
2025_06_CLE_PIT,2025,6,CLE,9,PIT,23
2025_06_DAL_CAR,2025,6,DAL,27,CAR,30
2025_06_DEN_NYJ,2025,6,DEN,13,NYJ,11
2025_06_DET_KC,2025,6,DET,17,KC,30
2025_06_LAC_MIA,2025,6,LAC,29,MIA,27
2025_06_LA_BAL,2025,6,LA,17,BAL,3
2025_06_NE_NO,2025,6,NE,25,NO,19
2025_06_PHI_NYG,2025,6,PHI,17,NYG,34
2025_06_SEA_JAX,2025,6,SEA,20,JAX,12
2025_06_SF_TB,2025,6,SF,19,TB,30
2025_06_TEN_LV,2025,6,TEN,10,LV,20
2025_07_ATL_SF,2025,7,ATL,10,SF,20
2025_07_CAR_NYJ,2025,7,CAR,13,NYJ,6
2025_07_GB_ARI,2025,7,GB,27,ARI,23
2025_07_HOU_SEA,2025,7,HOU,19,SEA,27
2025_07_IND_LAC,2025,7,IND,38,LAC,24
2025_07_LA_JAX,2025,7,LA,35,JAX,7
2025_07_LV_KC,2025,7,LV,0,KC,31
2025_07_MIA_CLE,2025,7,MIA,6,CLE,31
2025_07_NE_TEN,2025,7,NE,31,TEN,13
2025_07_NO_CHI,2025,7,NO,14,CHI,26
2025_07_NYG_DEN,2025,7,NYG,32,DEN,33
2025_07_PHI_MIN,2025,7,PHI,28,MIN,22
2025_07_PIT_CIN,2025,7,PIT,31,CIN,33
2025_07_TB_DET,2025,7,TB,9,DET,24
2025_07_WAS_DAL,2025,7,WAS,22,DAL,44
2025_08_BUF_CAR,2025,8,BUF,40,CAR,9
2025_08_CHI_BAL,2025,8,CHI,16,BAL,30
2025_08_CLE_NE,2025,8,CLE,13,NE,32
2025_08_DAL_DEN,2025,8,DAL,24,DEN,44
2025_08_GB_PIT,2025,8,GB,35,PIT,25
2025_08_MIA_ATL,2025,8,MIA,34,ATL,10
2025_08_MIN_LAC,2025,8,MIN,10,LAC,37
2025_08_NYG_PHI,2025,8,NYG,20,PHI,38
2025_08_NYJ_CIN,2025,8,NYJ,39,CIN,38
2025_08_SF_HOU,2025,8,SF,15,HOU,26
2025_08_TB_NO,2025,8,TB,23,NO,3
2025_08_TEN_IND,2025,8,TEN,14,IND,38
2025_08_WAS_KC,2025,8,WAS,7,KC,28
2025_09_ARI_DAL,2025,9,ARI,27,DAL,17
2025_09_ATL_NE,2025,9,ATL,23,NE,24
2025_09_BAL_MIA,2025,9,BAL,28,MIA,6
2025_09_CAR_GB,2025,9,CAR,16,GB,13
2025_09_CHI_CIN,2025,9,CHI,47,CIN,42
2025_09_DEN_HOU,2025,9,DEN,18,HOU,15
2025_09_IND_PIT,2025,9,IND,20,PIT,27
2025_09_JAX_LV,2025,9,JAX,30,LV,29
2025_09_KC_BUF,2025,9,KC,21,BUF,28
2025_09_LAC_TEN,2025,9,LAC,27,TEN,20
2025_09_MIN_DET,2025,9,MIN,27,DET,24
2025_09_NO_LA,2025,9,NO,10,LA,34
2025_09_SEA_WAS,2025,9,SEA,38,WAS,14
2025_09_SF_NYG,2025,9,SF,34,NYG,24
2025_10_ARI_SEA,2025,10,ARI,22,SEA,44
2025_10_ATL_IND,2025,10,ATL,25,IND,31
2025_10_BAL_MIN,2025,10,BAL,27,MIN,19
2025_10_BUF_MIA,2025,10,BUF,13,MIA,30
2025_10_CLE_NYJ,2025,10,CLE,20,NYJ,27
2025_10_DET_WAS,2025,10,DET,44,WAS,22
2025_10_JAX_HOU,2025,10,JAX,29,HOU,36
2025_10_LA_SF,2025,10,LA,42,SF,26
2025_10_LV_DEN,2025,10,LV,7,DEN,10
2025_10_NE_TB,2025,10,NE,28,TB,23
2025_10_NO_CAR,2025,10,NO,17,CAR,7
2025_10_NYG_CHI,2025,10,NYG,20,CHI,24
2025_10_PHI_GB,2025,10,PHI,10,GB,7
2025_10_PIT_LAC,2025,10,PIT,10,LAC,25
2025_11_BAL_CLE,2025,11,BAL,23,CLE,16
2025_11_CAR_ATL,2025,11,CAR,30,ATL,27
2025_11_CHI_MIN,2025,11,CHI,19,MIN,17
2025_11_CIN_PIT,2025,11,CIN,12,PIT,34
2025_11_DAL_LV,2025,11,DAL,33,LV,16
2025_11_DET_PHI,2025,11,DET,9,PHI,16
2025_11_GB_NYG,2025,11,GB,27,NYG,20
2025_11_HOU_TEN,2025,11,HOU,16,TEN,13
2025_11_KC_DEN,2025,11,KC,19,DEN,22
2025_11_LAC_JAX,2025,11,LAC,6,JAX,35
2025_11_NYJ_NE,2025,11,NYJ,14,NE,27
2025_11_SEA_LA,2025,11,SEA,19,LA,21
2025_11_SF_ARI,2025,11,SF,41,ARI,22
2025_11_TB_BUF,2025,11,TB,32,BUF,44
2025_11_WAS_MIA,2025,11,WAS,13,MIA,16
2025_12_ATL_NO,2025,12,ATL,24,NO,10
2025_12_BUF_HOU,2025,12,BUF,19,HOU,23
2025_12_CAR_SF,2025,12,CAR,9,SF,20
2025_12_CLE_LV,2025,12,CLE,24,LV,10
2025_12_IND_KC,2025,12,IND,20,KC,23
2025_12_JAX_ARI,2025,12,JAX,27,ARI,24
2025_12_MIN_GB,2025,12,MIN,6,GB,23
2025_12_NE_CIN,2025,12,NE,26,CIN,20
2025_12_NYG_DET,2025,12,NYG,27,DET,34
2025_12_NYJ_BAL,2025,12,NYJ,10,BAL,23
2025_12_PHI_DAL,2025,12,PHI,21,DAL,24
2025_12_PIT_CHI,2025,12,PIT,28,CHI,31
2025_12_SEA_TEN,2025,12,SEA,30,TEN,24
2025_12_TB_LA,2025,12,TB,7,LA,34
2025_13_ARI_TB,2025,13,ARI,17,TB,20
2025_13_ATL_NYJ,2025,13,ATL,24,NYJ,27
2025_13_BUF_PIT,2025,13,BUF,26,PIT,7
2025_13_CHI_PHI,2025,13,CHI,24,PHI,15
2025_13_CIN_BAL,2025,13,CIN,32,BAL,14
2025_13_DEN_WAS,2025,13,DEN,27,WAS,26
2025_13_GB_DET,2025,13,GB,31,DET,24
2025_13_HOU_IND,2025,13,HOU,20,IND,16
2025_13_JAX_TEN,2025,13,JAX,25,TEN,3
2025_13_KC_DAL,2025,13,KC,28,DAL,31
2025_13_LA_CAR,2025,13,LA,28,CAR,31
2025_13_LV_LAC,2025,13,LV,14,LAC,31
2025_13_MIN_SEA,2025,13,MIN,0,SEA,26
2025_13_NO_MIA,2025,13,NO,17,MIA,21
2025_13_NYG_NE,2025,13,NYG,15,NE,33
2025_13_SF_CLE,2025,13,SF,26,CLE,8
2025_14_CHI_GB,2025,14,CHI,21,GB,28
2025_14_CIN_BUF,2025,14,CIN,34,BUF,39
2025_14_DAL_DET,2025,14,DAL,30,DET,44
2025_14_DEN_LV,2025,14,DEN,24,LV,17
2025_14_HOU_KC,2025,14,HOU,20,KC,10
2025_14_IND_JAX,2025,14,IND,19,JAX,36
2025_14_LA_ARI,2025,14,LA,45,ARI,17
2025_14_MIA_NYJ,2025,14,MIA,34,NYJ,10
2025_14_NO_TB,2025,14,NO,24,TB,20
2025_14_PHI_LAC,2025,14,PHI,19,LAC,22
2025_14_PIT_BAL,2025,14,PIT,27,BAL,22
2025_14_SEA_ATL,2025,14,SEA,37,ATL,9
2025_14_TEN_CLE,2025,14,TEN,31,CLE,29
2025_14_WAS_MIN,2025,14,WAS,0,MIN,31
2025_15_ARI_HOU,2025,15,ARI,20,HOU,40
2025_15_ATL_TB,2025,15,ATL,29,TB,28
2025_15_BAL_CIN,2025,15,BAL,24,CIN,0
2025_15_BUF_NE,2025,15,BUF,35,NE,31
2025_15_CAR_NO,2025,15,CAR,17,NO,20
2025_15_CLE_CHI,2025,15,CLE,3,CHI,31
2025_15_DET_LA,2025,15,DET,34,LA,41
2025_15_GB_DEN,2025,15,GB,26,DEN,34
2025_15_IND_SEA,2025,15,IND,16,SEA,18
2025_15_LAC_KC,2025,15,LAC,16,KC,13
2025_15_LV_PHI,2025,15,LV,0,PHI,31
2025_15_MIA_PIT,2025,15,MIA,15,PIT,28
2025_15_MIN_DAL,2025,15,MIN,34,DAL,26
2025_15_NYJ_JAX,2025,15,NYJ,20,JAX,48
2025_15_TEN_SF,2025,15,TEN,24,SF,37
2025_15_WAS_NYG,2025,15,WAS,29,NYG,21
2025_16_ATL_ARI,2025,16,ATL,26,ARI,19
2025_16_BUF_CLE,2025,16,BUF,23,CLE,20
2025_16_CIN_MIA,2025,16,CIN,45,MIA,21
2025_16_GB_CHI,2025,16,GB,16,CHI,22
2025_16_JAX_DEN,2025,16,JAX,34,DEN,20
2025_16_KC_TEN,2025,16,KC,9,TEN,26
2025_16_LAC_DAL,2025,16,LAC,34,DAL,17
2025_16_LA_SEA,2025,16,LA,37,SEA,38
2025_16_LV_HOU,2025,16,LV,21,HOU,23
2025_16_MIN_NYG,2025,16,MIN,16,NYG,13
2025_16_NE_BAL,2025,16,NE,28,BAL,24
2025_16_NYJ_NO,2025,16,NYJ,6,NO,29
2025_16_PHI_WAS,2025,16,PHI,29,WAS,18
2025_16_PIT_DET,2025,16,PIT,29,DET,24
2025_16_SF_IND,2025,16,SF,48,IND,27
2025_16_TB_CAR,2025,16,TB,20,CAR,23
2025_17_ARI_CIN,2025,17,ARI,14,CIN,37
2025_17_BAL_GB,2025,17,BAL,41,GB,24
2025_17_CHI_SF,2025,17,CHI,38,SF,42
2025_17_DAL_WAS,2025,17,DAL,30,WAS,23
2025_17_DEN_KC,2025,17,DEN,20,KC,13
2025_17_DET_MIN,2025,17,DET,10,MIN,23
2025_17_HOU_LAC,2025,17,HOU,20,LAC,16
2025_17_JAX_IND,2025,17,JAX,23,IND,17
2025_17_LA_ATL,2025,17,LA,24,ATL,27
2025_17_NE_NYJ,2025,17,NE,42,NYJ,10
2025_17_NO_TEN,2025,17,NO,34,TEN,26
2025_17_NYG_LV,2025,17,NYG,34,LV,10
2025_17_PHI_BUF,2025,17,PHI,13,BUF,12
2025_17_PIT_CLE,2025,17,PIT,6,CLE,13
2025_17_SEA_CAR,2025,17,SEA,27,CAR,10
2025_17_TB_MIA,2025,17,TB,17,MIA,20
2025_18_ARI_LA,2025,18,ARI,20,LA,37
2025_18_BAL_PIT,2025,18,BAL,24,PIT,26
2025_18_CAR_TB,2025,18,CAR,14,TB,16
2025_18_CLE_CIN,2025,18,CLE,20,CIN,18
2025_18_DAL_NYG,2025,18,DAL,17,NYG,34
2025_18_DET_CHI,2025,18,DET,19,CHI,16
2025_18_GB_MIN,2025,18,GB,3,MIN,16
2025_18_IND_HOU,2025,18,IND,30,HOU,38
2025_18_KC_LV,2025,18,KC,12,LV,14
2025_18_LAC_DEN,2025,18,LAC,3,DEN,19
2025_18_MIA_NE,2025,18,MIA,10,NE,38
2025_18_NO_ATL,2025,18,NO,17,ATL,19
2025_18_NYJ_BUF,2025,18,NYJ,8,BUF,35
2025_18_SEA_SF,2025,18,SEA,13,SF,3
2025_18_TEN_JAX,2025,18,TEN,7,JAX,41
2025_18_WAS_PHI,2025,18,WAS,24,PHI,17
